"index","page","row","col","name","full_path"
"1","1","1","1","即刻素材 (1).jpg","H:\BaiduNetdiskDownload\烧烤外卖套图\08（156张）推荐！！！！\即刻素材 (1).jpg"
"2","1","1","2","即刻素材 (10).JPG","H:\BaiduNetdiskDownload\烧烤外卖套图\08（156张）推荐！！！！\即刻素材 (10).JPG"
"3","1","1","3","即刻素材 (11).JPG","H:\BaiduNetdiskDownload\烧烤外卖套图\08（156张）推荐！！！！\即刻素材 (11).JPG"
"4","1","1","4","即刻素材 (112).JPG","H:\BaiduNetdiskDownload\烧烤外卖套图\08（156张）推荐！！！！\即刻素材 (112).JPG"
"5","1","1","5","即刻素材 (117).JPG","H:\BaiduNetdiskDownload\烧烤外卖套图\08（156张）推荐！！！！\即刻素材 (117).JPG"
"6","1","2","1","即刻素材 (118).JPG","H:\BaiduNetdiskDownload\烧烤外卖套图\08（156张）推荐！！！！\即刻素材 (118).JPG"
"7","1","2","2","即刻素材 (119).jpg","H:\BaiduNetdiskDownload\烧烤外卖套图\08（156张）推荐！！！！\即刻素材 (119).jpg"
"8","1","2","3","即刻素材 (12).jpg","H:\BaiduNetdiskDownload\烧烤外卖套图\08（156张）推荐！！！！\即刻素材 (12).jpg"
"9","1","2","4","即刻素材 (124).jpg","H:\BaiduNetdiskDownload\烧烤外卖套图\08（156张）推荐！！！！\即刻素材 (124).jpg"
"10","1","2","5","即刻素材 (125).jpg","H:\BaiduNetdiskDownload\烧烤外卖套图\08（156张）推荐！！！！\即刻素材 (125).jpg"
"11","1","3","1","即刻素材 (13).jpg","H:\BaiduNetdiskDownload\烧烤外卖套图\08（156张）推荐！！！！\即刻素材 (13).jpg"
"12","1","3","2","即刻素材 (14)(1)(1).jpg","H:\BaiduNetdiskDownload\烧烤外卖套图\08（156张）推荐！！！！\即刻素材 (14)(1)(1).jpg"
"13","1","3","3","即刻素材 (14)(1).jpg","H:\BaiduNetdiskDownload\烧烤外卖套图\08（156张）推荐！！！！\即刻素材 (14)(1).jpg"
"14","1","3","4","即刻素材 (14).jpg","H:\BaiduNetdiskDownload\烧烤外卖套图\08（156张）推荐！！！！\即刻素材 (14).jpg"
"15","1","3","5","即刻素材 (15).jpg","H:\BaiduNetdiskDownload\烧烤外卖套图\08（156张）推荐！！！！\即刻素材 (15).jpg"
"16","1","4","1","即刻素材 (16)(1).jpg","H:\BaiduNetdiskDownload\烧烤外卖套图\08（156张）推荐！！！！\即刻素材 (16)(1).jpg"
"17","1","4","2","即刻素材 (16).jpg","H:\BaiduNetdiskDownload\烧烤外卖套图\08（156张）推荐！！！！\即刻素材 (16).jpg"
"18","1","4","3","即刻素材 (17).jpg","H:\BaiduNetdiskDownload\烧烤外卖套图\08（156张）推荐！！！！\即刻素材 (17).jpg"
"19","1","4","4","即刻素材 (18).jpg","H:\BaiduNetdiskDownload\烧烤外卖套图\08（156张）推荐！！！！\即刻素材 (18).jpg"
"20","1","4","5","即刻素材 (19)(1).jpg","H:\BaiduNetdiskDownload\烧烤外卖套图\08（156张）推荐！！！！\即刻素材 (19)(1).jpg"
"21","1","5","1","即刻素材 (19).jpg","H:\BaiduNetdiskDownload\烧烤外卖套图\08（156张）推荐！！！！\即刻素材 (19).jpg"
"22","1","5","2","即刻素材 (2).jpg","H:\BaiduNetdiskDownload\烧烤外卖套图\08（156张）推荐！！！！\即刻素材 (2).jpg"
"23","1","5","3","即刻素材 (20).jpg","H:\BaiduNetdiskDownload\烧烤外卖套图\08（156张）推荐！！！！\即刻素材 (20).jpg"
"24","1","5","4","即刻素材 (21)(1).jpg","H:\BaiduNetdiskDownload\烧烤外卖套图\08（156张）推荐！！！！\即刻素材 (21)(1).jpg"
"25","1","5","5","即刻素材 (21).jpg","H:\BaiduNetdiskDownload\烧烤外卖套图\08（156张）推荐！！！！\即刻素材 (21).jpg"
"26","2","1","1","即刻素材 (22).jpg","H:\BaiduNetdiskDownload\烧烤外卖套图\08（156张）推荐！！！！\即刻素材 (22).jpg"
"27","2","1","2","即刻素材 (23)(1).jpg","H:\BaiduNetdiskDownload\烧烤外卖套图\08（156张）推荐！！！！\即刻素材 (23)(1).jpg"
"28","2","1","3","即刻素材 (23).jpg","H:\BaiduNetdiskDownload\烧烤外卖套图\08（156张）推荐！！！！\即刻素材 (23).jpg"
"29","2","1","4","即刻素材 (24).jpg","H:\BaiduNetdiskDownload\烧烤外卖套图\08（156张）推荐！！！！\即刻素材 (24).jpg"
"30","2","1","5","即刻素材 (25)(1).jpg","H:\BaiduNetdiskDownload\烧烤外卖套图\08（156张）推荐！！！！\即刻素材 (25)(1).jpg"
"31","2","2","1","即刻素材 (25).jpg","H:\BaiduNetdiskDownload\烧烤外卖套图\08（156张）推荐！！！！\即刻素材 (25).jpg"
"32","2","2","2","即刻素材 (26).jpg","H:\BaiduNetdiskDownload\烧烤外卖套图\08（156张）推荐！！！！\即刻素材 (26).jpg"
"33","2","2","3","即刻素材 (27).jpg","H:\BaiduNetdiskDownload\烧烤外卖套图\08（156张）推荐！！！！\即刻素材 (27).jpg"
"34","2","2","4","即刻素材 (28)(1).jpg","H:\BaiduNetdiskDownload\烧烤外卖套图\08（156张）推荐！！！！\即刻素材 (28)(1).jpg"
"35","2","2","5","即刻素材 (28).JPG","H:\BaiduNetdiskDownload\烧烤外卖套图\08（156张）推荐！！！！\即刻素材 (28).JPG"
"36","2","3","1","即刻素材 (29).jpg","H:\BaiduNetdiskDownload\烧烤外卖套图\08（156张）推荐！！！！\即刻素材 (29).jpg"
"37","2","3","2","即刻素材 (3)(1).jpg","H:\BaiduNetdiskDownload\烧烤外卖套图\08（156张）推荐！！！！\即刻素材 (3)(1).jpg"
"38","2","3","3","即刻素材 (3).jpg","H:\BaiduNetdiskDownload\烧烤外卖套图\08（156张）推荐！！！！\即刻素材 (3).jpg"
"39","2","3","4","即刻素材 (30)(1).jpg","H:\BaiduNetdiskDownload\烧烤外卖套图\08（156张）推荐！！！！\即刻素材 (30)(1).jpg"
"40","2","3","5","即刻素材 (30)(2).jpg","H:\BaiduNetdiskDownload\烧烤外卖套图\08（156张）推荐！！！！\即刻素材 (30)(2).jpg"
"41","2","4","1","即刻素材 (30).jpg","H:\BaiduNetdiskDownload\烧烤外卖套图\08（156张）推荐！！！！\即刻素材 (30).jpg"
"42","2","4","2","即刻素材 (31)(1).jpg","H:\BaiduNetdiskDownload\烧烤外卖套图\08（156张）推荐！！！！\即刻素材 (31)(1).jpg"
"43","2","4","3","即刻素材 (31).jpg","H:\BaiduNetdiskDownload\烧烤外卖套图\08（156张）推荐！！！！\即刻素材 (31).jpg"
"44","2","4","4","即刻素材 (32)(1).jpg","H:\BaiduNetdiskDownload\烧烤外卖套图\08（156张）推荐！！！！\即刻素材 (32)(1).jpg"
"45","2","4","5","即刻素材 (32).jpg","H:\BaiduNetdiskDownload\烧烤外卖套图\08（156张）推荐！！！！\即刻素材 (32).jpg"
"46","2","5","1","即刻素材 (33)(1).jpg","H:\BaiduNetdiskDownload\烧烤外卖套图\08（156张）推荐！！！！\即刻素材 (33)(1).jpg"
"47","2","5","2","即刻素材 (33).jpg","H:\BaiduNetdiskDownload\烧烤外卖套图\08（156张）推荐！！！！\即刻素材 (33).jpg"
"48","2","5","3","即刻素材 (34).jpg","H:\BaiduNetdiskDownload\烧烤外卖套图\08（156张）推荐！！！！\即刻素材 (34).jpg"
"49","2","5","4","即刻素材 (35).jpg","H:\BaiduNetdiskDownload\烧烤外卖套图\08（156张）推荐！！！！\即刻素材 (35).jpg"
"50","2","5","5","即刻素材 (36).jpg","H:\BaiduNetdiskDownload\烧烤外卖套图\08（156张）推荐！！！！\即刻素材 (36).jpg"
"51","3","1","1","即刻素材 (37)(1).jpg","H:\BaiduNetdiskDownload\烧烤外卖套图\08（156张）推荐！！！！\即刻素材 (37)(1).jpg"
"52","3","1","2","即刻素材 (37).JPG","H:\BaiduNetdiskDownload\烧烤外卖套图\08（156张）推荐！！！！\即刻素材 (37).JPG"
"53","3","1","3","即刻素材 (38).jpg","H:\BaiduNetdiskDownload\烧烤外卖套图\08（156张）推荐！！！！\即刻素材 (38).jpg"
"54","3","1","4","即刻素材 (39).jpg","H:\BaiduNetdiskDownload\烧烤外卖套图\08（156张）推荐！！！！\即刻素材 (39).jpg"
"55","3","1","5","即刻素材 (4).jpg","H:\BaiduNetdiskDownload\烧烤外卖套图\08（156张）推荐！！！！\即刻素材 (4).jpg"
"56","3","2","1","即刻素材 (40).jpg","H:\BaiduNetdiskDownload\烧烤外卖套图\08（156张）推荐！！！！\即刻素材 (40).jpg"
"57","3","2","2","即刻素材 (41).jpg","H:\BaiduNetdiskDownload\烧烤外卖套图\08（156张）推荐！！！！\即刻素材 (41).jpg"
"58","3","2","3","即刻素材 (42).jpg","H:\BaiduNetdiskDownload\烧烤外卖套图\08（156张）推荐！！！！\即刻素材 (42).jpg"
"59","3","2","4","即刻素材 (43)(1).jpg","H:\BaiduNetdiskDownload\烧烤外卖套图\08（156张）推荐！！！！\即刻素材 (43)(1).jpg"
"60","3","2","5","即刻素材 (43).JPG","H:\BaiduNetdiskDownload\烧烤外卖套图\08（156张）推荐！！！！\即刻素材 (43).JPG"
"61","3","3","1","即刻素材 (44)(1).jpg","H:\BaiduNetdiskDownload\烧烤外卖套图\08（156张）推荐！！！！\即刻素材 (44)(1).jpg"
"62","3","3","2","即刻素材 (44).JPG","H:\BaiduNetdiskDownload\烧烤外卖套图\08（156张）推荐！！！！\即刻素材 (44).JPG"
"63","3","3","3","即刻素材 (45).jpg","H:\BaiduNetdiskDownload\烧烤外卖套图\08（156张）推荐！！！！\即刻素材 (45).jpg"
"64","3","3","4","即刻素材 (46).jpg","H:\BaiduNetdiskDownload\烧烤外卖套图\08（156张）推荐！！！！\即刻素材 (46).jpg"
"65","3","3","5","即刻素材 (47).jpg","H:\BaiduNetdiskDownload\烧烤外卖套图\08（156张）推荐！！！！\即刻素材 (47).jpg"
"66","3","4","1","即刻素材 (48)(1).jpg","H:\BaiduNetdiskDownload\烧烤外卖套图\08（156张）推荐！！！！\即刻素材 (48)(1).jpg"
"67","3","4","2","即刻素材 (48).jpg","H:\BaiduNetdiskDownload\烧烤外卖套图\08（156张）推荐！！！！\即刻素材 (48).jpg"
"68","3","4","3","即刻素材 (49).jpg","H:\BaiduNetdiskDownload\烧烤外卖套图\08（156张）推荐！！！！\即刻素材 (49).jpg"
"69","3","4","4","即刻素材 (5)(1).jpg","H:\BaiduNetdiskDownload\烧烤外卖套图\08（156张）推荐！！！！\即刻素材 (5)(1).jpg"
"70","3","4","5","即刻素材 (5).jpg","H:\BaiduNetdiskDownload\烧烤外卖套图\08（156张）推荐！！！！\即刻素材 (5).jpg"
"71","3","5","1","即刻素材 (50)(1).jpg","H:\BaiduNetdiskDownload\烧烤外卖套图\08（156张）推荐！！！！\即刻素材 (50)(1).jpg"
"72","3","5","2","即刻素材 (50).JPG","H:\BaiduNetdiskDownload\烧烤外卖套图\08（156张）推荐！！！！\即刻素材 (50).JPG"
"73","3","5","3","即刻素材 (51).jpg","H:\BaiduNetdiskDownload\烧烤外卖套图\08（156张）推荐！！！！\即刻素材 (51).jpg"
"74","3","5","4","即刻素材 (52).jpg","H:\BaiduNetdiskDownload\烧烤外卖套图\08（156张）推荐！！！！\即刻素材 (52).jpg"
"75","3","5","5","即刻素材 (53)(1).jpg","H:\BaiduNetdiskDownload\烧烤外卖套图\08（156张）推荐！！！！\即刻素材 (53)(1).jpg"
"76","4","1","1","即刻素材 (53).jpg","H:\BaiduNetdiskDownload\烧烤外卖套图\08（156张）推荐！！！！\即刻素材 (53).jpg"
"77","4","1","2","即刻素材 (54)(1).jpg","H:\BaiduNetdiskDownload\烧烤外卖套图\08（156张）推荐！！！！\即刻素材 (54)(1).jpg"
"78","4","1","3","即刻素材 (54).jpg","H:\BaiduNetdiskDownload\烧烤外卖套图\08（156张）推荐！！！！\即刻素材 (54).jpg"
"79","4","1","4","即刻素材 (55).jpg","H:\BaiduNetdiskDownload\烧烤外卖套图\08（156张）推荐！！！！\即刻素材 (55).jpg"
"80","4","1","5","即刻素材 (56)(1).jpg","H:\BaiduNetdiskDownload\烧烤外卖套图\08（156张）推荐！！！！\即刻素材 (56)(1).jpg"
"81","4","2","1","即刻素材 (56).jpg","H:\BaiduNetdiskDownload\烧烤外卖套图\08（156张）推荐！！！！\即刻素材 (56).jpg"
"82","4","2","2","即刻素材 (57).jpg","H:\BaiduNetdiskDownload\烧烤外卖套图\08（156张）推荐！！！！\即刻素材 (57).jpg"
"83","4","2","3","即刻素材 (58)(1).jpg","H:\BaiduNetdiskDownload\烧烤外卖套图\08（156张）推荐！！！！\即刻素材 (58)(1).jpg"
"84","4","2","4","即刻素材 (58).jpg","H:\BaiduNetdiskDownload\烧烤外卖套图\08（156张）推荐！！！！\即刻素材 (58).jpg"
"85","4","2","5","即刻素材 (59).jpg","H:\BaiduNetdiskDownload\烧烤外卖套图\08（156张）推荐！！！！\即刻素材 (59).jpg"
"86","4","3","1","即刻素材 (6).JPG","H:\BaiduNetdiskDownload\烧烤外卖套图\08（156张）推荐！！！！\即刻素材 (6).JPG"
"87","4","3","2","即刻素材 (60)(1).jpg","H:\BaiduNetdiskDownload\烧烤外卖套图\08（156张）推荐！！！！\即刻素材 (60)(1).jpg"
"88","4","3","3","即刻素材 (60)(2).jpg","H:\BaiduNetdiskDownload\烧烤外卖套图\08（156张）推荐！！！！\即刻素材 (60)(2).jpg"
"89","4","3","4","即刻素材 (60).JPG","H:\BaiduNetdiskDownload\烧烤外卖套图\08（156张）推荐！！！！\即刻素材 (60).JPG"
"90","4","3","5","即刻素材 (61).jpg","H:\BaiduNetdiskDownload\烧烤外卖套图\08（156张）推荐！！！！\即刻素材 (61).jpg"
"91","4","4","1","即刻素材 (62)(1).jpg","H:\BaiduNetdiskDownload\烧烤外卖套图\08（156张）推荐！！！！\即刻素材 (62)(1).jpg"
"92","4","4","2","即刻素材 (62).jpg","H:\BaiduNetdiskDownload\烧烤外卖套图\08（156张）推荐！！！！\即刻素材 (62).jpg"
"93","4","4","3","即刻素材 (63)(1).jpg","H:\BaiduNetdiskDownload\烧烤外卖套图\08（156张）推荐！！！！\即刻素材 (63)(1).jpg"
"94","4","4","4","即刻素材 (63).jpg","H:\BaiduNetdiskDownload\烧烤外卖套图\08（156张）推荐！！！！\即刻素材 (63).jpg"
"95","4","4","5","即刻素材 (64)(1).jpg","H:\BaiduNetdiskDownload\烧烤外卖套图\08（156张）推荐！！！！\即刻素材 (64)(1).jpg"
"96","4","5","1","即刻素材 (64).jpg","H:\BaiduNetdiskDownload\烧烤外卖套图\08（156张）推荐！！！！\即刻素材 (64).jpg"
"97","4","5","2","即刻素材 (65)(1).JPG","H:\BaiduNetdiskDownload\烧烤外卖套图\08（156张）推荐！！！！\即刻素材 (65)(1).JPG"
"98","4","5","3","即刻素材 (65).jpg","H:\BaiduNetdiskDownload\烧烤外卖套图\08（156张）推荐！！！！\即刻素材 (65).jpg"
"99","4","5","4","即刻素材 (66)(1).jpg","H:\BaiduNetdiskDownload\烧烤外卖套图\08（156张）推荐！！！！\即刻素材 (66)(1).jpg"
"100","4","5","5","即刻素材 (66).jpg","H:\BaiduNetdiskDownload\烧烤外卖套图\08（156张）推荐！！！！\即刻素材 (66).jpg"
"101","5","1","1","即刻素材 (67).jpg","H:\BaiduNetdiskDownload\烧烤外卖套图\08（156张）推荐！！！！\即刻素材 (67).jpg"
"102","5","1","2","即刻素材 (68)(1).jpg","H:\BaiduNetdiskDownload\烧烤外卖套图\08（156张）推荐！！！！\即刻素材 (68)(1).jpg"
"103","5","1","3","即刻素材 (68)(2).jpg","H:\BaiduNetdiskDownload\烧烤外卖套图\08（156张）推荐！！！！\即刻素材 (68)(2).jpg"
"104","5","1","4","即刻素材 (68).jpg","H:\BaiduNetdiskDownload\烧烤外卖套图\08（156张）推荐！！！！\即刻素材 (68).jpg"
"105","5","1","5","即刻素材 (69)(1).jpg","H:\BaiduNetdiskDownload\烧烤外卖套图\08（156张）推荐！！！！\即刻素材 (69)(1).jpg"
"106","5","2","1","即刻素材 (69).jpg","H:\BaiduNetdiskDownload\烧烤外卖套图\08（156张）推荐！！！！\即刻素材 (69).jpg"
"107","5","2","2","即刻素材 (7).JPG","H:\BaiduNetdiskDownload\烧烤外卖套图\08（156张）推荐！！！！\即刻素材 (7).JPG"
"108","5","2","3","即刻素材 (70)(1).jpg","H:\BaiduNetdiskDownload\烧烤外卖套图\08（156张）推荐！！！！\即刻素材 (70)(1).jpg"
"109","5","2","4","即刻素材 (70).jpg","H:\BaiduNetdiskDownload\烧烤外卖套图\08（156张）推荐！！！！\即刻素材 (70).jpg"
"110","5","2","5","即刻素材 (71)(1).jpg","H:\BaiduNetdiskDownload\烧烤外卖套图\08（156张）推荐！！！！\即刻素材 (71)(1).jpg"
"111","5","3","1","即刻素材 (71).JPG","H:\BaiduNetdiskDownload\烧烤外卖套图\08（156张）推荐！！！！\即刻素材 (71).JPG"
"112","5","3","2","即刻素材 (72)(1).jpg","H:\BaiduNetdiskDownload\烧烤外卖套图\08（156张）推荐！！！！\即刻素材 (72)(1).jpg"
"113","5","3","3","即刻素材 (72).jpg","H:\BaiduNetdiskDownload\烧烤外卖套图\08（156张）推荐！！！！\即刻素材 (72).jpg"
"114","5","3","4","即刻素材 (73).jpg","H:\BaiduNetdiskDownload\烧烤外卖套图\08（156张）推荐！！！！\即刻素材 (73).jpg"
"115","5","3","5","即刻素材 (74)(1).jpg","H:\BaiduNetdiskDownload\烧烤外卖套图\08（156张）推荐！！！！\即刻素材 (74)(1).jpg"
"116","5","4","1","即刻素材 (74).jpg","H:\BaiduNetdiskDownload\烧烤外卖套图\08（156张）推荐！！！！\即刻素材 (74).jpg"
"117","5","4","2","即刻素材 (75)(1).jpg","H:\BaiduNetdiskDownload\烧烤外卖套图\08（156张）推荐！！！！\即刻素材 (75)(1).jpg"
"118","5","4","3","即刻素材 (75).jpg","H:\BaiduNetdiskDownload\烧烤外卖套图\08（156张）推荐！！！！\即刻素材 (75).jpg"
"119","5","4","4","即刻素材 (76).jpg","H:\BaiduNetdiskDownload\烧烤外卖套图\08（156张）推荐！！！！\即刻素材 (76).jpg"
"120","5","4","5","即刻素材 (77)(1).jpg","H:\BaiduNetdiskDownload\烧烤外卖套图\08（156张）推荐！！！！\即刻素材 (77)(1).jpg"
"121","5","5","1","即刻素材 (77).jpg","H:\BaiduNetdiskDownload\烧烤外卖套图\08（156张）推荐！！！！\即刻素材 (77).jpg"
"122","5","5","2","即刻素材 (78).jpg","H:\BaiduNetdiskDownload\烧烤外卖套图\08（156张）推荐！！！！\即刻素材 (78).jpg"
"123","5","5","3","即刻素材 (79).jpg","H:\BaiduNetdiskDownload\烧烤外卖套图\08（156张）推荐！！！！\即刻素材 (79).jpg"
"124","5","5","4","即刻素材 (8).JPG","H:\BaiduNetdiskDownload\烧烤外卖套图\08（156张）推荐！！！！\即刻素材 (8).JPG"
"125","5","5","5","即刻素材 (80).jpg","H:\BaiduNetdiskDownload\烧烤外卖套图\08（156张）推荐！！！！\即刻素材 (80).jpg"
"126","6","1","1","即刻素材 (81).jpg","H:\BaiduNetdiskDownload\烧烤外卖套图\08（156张）推荐！！！！\即刻素材 (81).jpg"
"127","6","1","2","即刻素材 (82).jpg","H:\BaiduNetdiskDownload\烧烤外卖套图\08（156张）推荐！！！！\即刻素材 (82).jpg"
"128","6","1","3","即刻素材 (83).jpg","H:\BaiduNetdiskDownload\烧烤外卖套图\08（156张）推荐！！！！\即刻素材 (83).jpg"
"129","6","1","4","即刻素材 (84).jpg","H:\BaiduNetdiskDownload\烧烤外卖套图\08（156张）推荐！！！！\即刻素材 (84).jpg"
"130","6","1","5","即刻素材 (85)(1).jpg","H:\BaiduNetdiskDownload\烧烤外卖套图\08（156张）推荐！！！！\即刻素材 (85)(1).jpg"
"131","6","2","1","即刻素材 (85).jpg","H:\BaiduNetdiskDownload\烧烤外卖套图\08（156张）推荐！！！！\即刻素材 (85).jpg"
"132","6","2","2","即刻素材 (86).jpg","H:\BaiduNetdiskDownload\烧烤外卖套图\08（156张）推荐！！！！\即刻素材 (86).jpg"
"133","6","2","3","即刻素材 (87).jpg","H:\BaiduNetdiskDownload\烧烤外卖套图\08（156张）推荐！！！！\即刻素材 (87).jpg"
"134","6","2","4","即刻素材 (88)(1).jpg","H:\BaiduNetdiskDownload\烧烤外卖套图\08（156张）推荐！！！！\即刻素材 (88)(1).jpg"
"135","6","2","5","即刻素材 (88).jpg","H:\BaiduNetdiskDownload\烧烤外卖套图\08（156张）推荐！！！！\即刻素材 (88).jpg"
"136","6","3","1","即刻素材 (89).jpg","H:\BaiduNetdiskDownload\烧烤外卖套图\08（156张）推荐！！！！\即刻素材 (89).jpg"
"137","6","3","2","即刻素材 (9).JPG","H:\BaiduNetdiskDownload\烧烤外卖套图\08（156张）推荐！！！！\即刻素材 (9).JPG"
"138","6","3","3","即刻素材 (90).jpg","H:\BaiduNetdiskDownload\烧烤外卖套图\08（156张）推荐！！！！\即刻素材 (90).jpg"
"139","6","3","4","即刻素材 (93).jpg","H:\BaiduNetdiskDownload\烧烤外卖套图\08（156张）推荐！！！！\即刻素材 (93).jpg"
"140","6","3","5","即刻素材 (94).jpg","H:\BaiduNetdiskDownload\烧烤外卖套图\08（156张）推荐！！！！\即刻素材 (94).jpg"
"141","6","4","1","即刻素材 (95).jpg","H:\BaiduNetdiskDownload\烧烤外卖套图\08（156张）推荐！！！！\即刻素材 (95).jpg"
"142","6","4","2","即刻素材 (96)(1).jpg","H:\BaiduNetdiskDownload\烧烤外卖套图\08（156张）推荐！！！！\即刻素材 (96)(1).jpg"
"143","6","4","3","即刻素材 (97).JPG","H:\BaiduNetdiskDownload\烧烤外卖套图\08（156张）推荐！！！！\即刻素材 (97).JPG"
"144","6","4","4","烤鲳鱼.jpg","H:\BaiduNetdiskDownload\烧烤外卖套图\08（156张）推荐！！！！\烤鲳鱼.jpg"
"145","6","4","5","烤鸡翅.jpg","H:\BaiduNetdiskDownload\烧烤外卖套图\08（156张）推荐！！！！\烤鸡翅.jpg"
"146","6","5","1","烤鸡尖.jpg","H:\BaiduNetdiskDownload\烧烤外卖套图\08（156张）推荐！！！！\烤鸡尖.jpg"
"147","6","5","2","烤鸡爪2.jpg","H:\BaiduNetdiskDownload\烧烤外卖套图\08（156张）推荐！！！！\烤鸡爪2.jpg"
"148","6","5","3","烤年糕.jpg","H:\BaiduNetdiskDownload\烧烤外卖套图\08（156张）推荐！！！！\烤年糕.jpg"
"149","6","5","4","烤青椒.jpg","H:\BaiduNetdiskDownload\烧烤外卖套图\08（156张）推荐！！！！\烤青椒.jpg"
"150","6","5","5","烤秋刀鱼.jpg","H:\BaiduNetdiskDownload\烧烤外卖套图\08（156张）推荐！！！！\烤秋刀鱼.jpg"
"151","7","1","1","烤肉.jpg","H:\BaiduNetdiskDownload\烧烤外卖套图\08（156张）推荐！！！！\烤肉.jpg"
"152","7","1","2","烤苕皮.jpg","H:\BaiduNetdiskDownload\烧烤外卖套图\08（156张）推荐！！！！\烤苕皮.jpg"
"153","7","1","3","烤虾.jpg","H:\BaiduNetdiskDownload\烧烤外卖套图\08（156张）推荐！！！！\烤虾.jpg"
"154","7","1","4","烤鱿鱼.jpg","H:\BaiduNetdiskDownload\烧烤外卖套图\08（156张）推荐！！！！\烤鱿鱼.jpg"
"155","7","1","5","五花肉.jpg","H:\BaiduNetdiskDownload\烧烤外卖套图\08（156张）推荐！！！！\五花肉.jpg"
